original_drug	cleaned_drug
mupirocin	mupirocin
spectinomycin	spectinomycin
amikacin	amikacin
gentamicin	gentamicin
kanamycin	kanamycin
neomycin	neomycin
netilmicin	netilmicin
streptomycin	streptomycin
tobramycin	tobramycin
aminogycosides	
chloramphenicol	chloramphenicol
florfenicol	florfenicol
azidothymidine	
beta-lactam	
sulbactam	sulbactam
doripenem	doripenem
ertapenem	ertapenem
imipenem	imipenem
meropenem	meropenem
carbapenem	
imipenem/relebactam	imipenem-relebactam
ceftazidime	ceftazidime
cephalothin	cephalothin
cefalotin	cefalotin
cefazolin	cefazolin
cefamandole	cefamandole
ceftarolin	ceftaroline
ceftaroline	ceftaroline
ceftriaxone	ceftriaxone
ceftriaxone/cefpodoxime	ceftriaxone-cefpodoxime
ceftiofur	ceftiofur
cefotetan	cefotetan
cefotaxime	cefotaxime
cefuroxime	cefuroxime
cefiderocol	cefiderocol
cefepime	cefepime
cefoxitin	cefoxitin
cefalexin	cephalexin
cephalexin	cephalexin
cefpodoxime	cefpodoxime
ceftazidime/clavulanic acid	ceftazidime-clavulanic_acid
ceftolozane/tazobactam	ceftolozane-tazobactam
cefotaxime/clavulanic acid	cefotaxime-clavulanic_acid
cefpodoxime_clavulanic_acid	cefotaxime-clavulanic_acid
ceftazidime/avibactam	ceftazidime-avibactam
extended spectrum beta lactamase	
ciprofloxacin	ciprofloxacin
levofloxacin	levofloxacin
moxifloxacin	moxifloxacin
norfloxacin	norfloxacin
ofloxacin	ofloxacin
fluoroquinolones	
fusidic acid	fusidic_acid
teicoplanin	teicoplanin
vancomycin	vancomycin
clindamycin	clindamycin
lincomycin	lincomycin
dalbavancin	dalbavancin
daptomycin	daptomycin
azithromycin	azithromycin
clarithromycin	clarithromycin
erythromycin	erythromycin
aztreonam	aztreonam
nitrofurantoin	nitrofurantoin
linezolid	linezolid
tedizolid	tedizolid
ampicillin	ampicillin
amoxicillin	amoxicillin
carbenicillin	carbenicillin
methicillin	methicillin
oxacillin	oxacillin
penicillin	penicillin
piperacillin	piperacillin
ticarcillin	ticarcillin
timentin	timentin
amoxicillin-clavulanic acid	amoxicillin-clavulanic_acid
amoxicillin/clavulanic acid	amoxicillin-clavulanic_acid
ampicillin-sulbactam	ampicillin-sulbactam
ampicillin/sulbactam	ampicillin-sulbactam
ticarcillin/clavulanic acid	ticarcillin-clavulanic_acid
piperacillin-tazobactam	piperacillin-tazobactam
piperacillin/tazobactam	piperacillin-tazobactam
fosfomycin	fosfomycin
phosphomycin	fosfomycin
tiamulin	tiamulin
colistin	colistin
polymyxin b	polymyxin_b
nalidixic acid	nalidixic_acid
rifampin	rifampin
synercid	synercid
quinupristin/dalfopristin	synercid
quinupristin	quinupristin
sulfamethoxazole	sulfamethoxazole
sulfisoxazole	sulfisoxazole
sulfonamides	
doxycycline	doxycycline
minocycline	minocycline
oxytetracycline	oxytetracycline
tetracycline	tetracycline
tigecycline	tigecycline
trimethoprim/sulfobactam	trimethoprim-sulfobactam
sulfamethoxazole/trimethoprim	trimethoprim-sulfamethoxazole
trimethoprim_sulfamethoxazole	trimethoprim-sulfamethoxazole
trimethoprim-sulfamethoxazole	trimethoprim-sulfamethoxazole
trimethoprim/sulfamethoxazole	trimethoprim-sulfamethoxazole
trimethoprim	trimethoprim
trimotheprim	trimethoprim
telithromycin	telithromycin
apramycin	apramycin
arbekacin	arbekacin
avilamycin	avilamycin
bacitracin	bacitracin
benzylpenicillin	benzylpenicillin
biapenem	biapenem
capreomycin	capreomycin
cefaclor	cefaclor
cefdinir	cefdinir
cefixime	cefixime
cefmetazole	cefmetazole
cefoperazone	cefoperazone
cefoperazone/sulbactam	cefoperazone-sulbactam
cefotaxime/clavulanic acidÂ 	cefotaxime-clavulanic_acid
cefovecin	cefovecin
cefozopran	cefozopran
cefpirome	cefpirome
cefquinome	cefquinome
ceftazidime-avibactam	ceftazidime-avibactam
ceftibuten	ceftibuten
ceftizoxime	ceftizoxime
ceftolozane-tazobactam	ceftolozane-tazobactam
chlortetracycline	chlortetracycline
clofazimine	clofazimine
cycloserine	cycloserine
danofloxacin	danofloxacin
delafloxacin	delafloxacin
delamanid	delamanid
dicloxacillin	dicloxacillin
enrofloxacin	enrofloxacin
eravacycline	eravacycline
ethambutol	ethambutol
ethionamide	ethionamide
fidaxomicin	fidaxomicin
furazolidone	furazolidone
gatifloxacin	gatifloxacin
gemifloxacin	gemifloxacin
imipenem-relebactam	imipenem-relebactam
isoniazid	isoniazid
marbofloxacin	marbofloxacin
mecillinam	mecillinam
meropenem-vaborbactam	meropenem-vaborbactam
nafcillin	nafcillin
nicotinamide	nicotinamide
omadacycline	omadacycline
orbifloxacin	orbifloxacin
oritavancin	oritavancin
para-aminosalicylic acid	para_aminosalicylic_acid
para_aminosalicylic_acid	para_aminosalicylic_acid
pefloxacin	pefloxacin
pirlimycin	pirlimycin
plazomicin	plazomicin
polymyxin B	polymyxin_b
polymyxin_b	polymyxin_b
pradofloxacin	pradofloxacin
pretomanid	pretomanid
prothionamide	prothionamide
pyrazinamide	pyrazinamide
rifabutin	rifabutin
rifaximin	rifaximin
sparfloxacin	sparfloxacin
spiramycin	spiramycin
sulfadimethoxine	sulfadimethoxine
sulfamethazine	sulfamethazine
sulfathiazole	sulfathiazole
telavancin	telavancin
temocillin	temocillin
tilmicosin	tilmicosin
trovafloxacin	trovafloxacin
tulathromycin	tulathromycin
tylosin	tylosin
zoliflodacin	zoliflodacin
geamycin	oxytetracycline
co_trimoxazole	trimethoprim-sulfamethoxazole
ampicillin_clavulanic_acid	ampicillin-clavulanic_acid
amipicillin_sulbactam	ampicillin-sulbactam
tazobactam_piperacillin	piperacillin-tazobactam
cefalothin	cefalotin
trimethoprim/sulphamethoxazole	trimethoprim-sulfamethoxazole
ceftazidime_avibactam	ceftazidime-avibactam
trimethoprim_sulfobactam	trimethoprim-sulfobactam
ceftolozane_tazobactam	ceftolozane-tazobactam
tigecyklin	tigecycline
cefpirom	cefpirome
tetracyklin	tetracycline
pristimycin	pristinamycin
colomycin	colistin
penicillin/novobiocin	penicillin-novobiocin
tgecycline	tigecycline
cefuroximÂ 	cefuroxime
sulphadimethoxine	sulfadimethoxine
cefuroxime_sodium	cefuroxime
ticarcillin_clavulanate	ticarcillin-clavulanic_acid
amoxicillin_clavulanat	amoxicillin-clavulanic_acid
strofurantoin	nitrofurantoin
cefepime_taniborbactam	cefepime-taniborbactam
bedaquiline	bedaquiline
metronidazole	metronidazole
ceftobiprole	ceftobiprole
virginiamycin	virginiamycin
surotomycin	surotomycin
instrument	
publicatiion	
macrolides	
cephalosporin	
sulfa	
chlorhexidine gluconate	
trimethoprim/sulfonamide	
trimethoprim_sulfonamide	
